State/UT,Confirmed,Active,Recovered,Deceased
Madhya Pradesh,"5,543","2,652","2,631",260
Tamil Nadu,"12,448","7,468","4,895",85
Gujarat,"12,141","6,379","5,043",719
Uttar Pradesh,"4,926","1,885","2,918",123
West Bengal,"2,961","1,637","1,074",250
Andhra Pradesh,"2,560",843,"1,664",53
Delhi,"11,088","5,720","5,192",176
Rajasthan,"5,952","2,436","3,373",143
Maharashtra,"37,136","26,172","9,639","1,325"
Punjab,"2,002",322,"1,642",38
